name,xcoord,ycoord
CORONADO1,-109.277313,34.56004
CORONADO2,-109.777313,34.36004
CRAIG2,-107.546455,40.3142473
FOURCORN2,-108.654569,36.857401
FOURCORN3,-108.325669,36.856401
NAVAJO,-111.390408,36.903901
MOENKOPI,-111.448566,35.832561
